Produto,Preco
"HUNTER WITHMORE - A ESCOLHIDA DO LORDE - BOX - PARTE 1 E PARTE 2 - DUOLOGIA COMPLETA","HUNTER WITHMORE - A ESCOLHIDA DO LORDE - BOX - PARTE 1 E PARTE 2 - DUOLOGIA COMPLETA
Cleo Luz
4,7 de 5 estrelas
 19
eBook Kindle
R$ 3,99"
"Terra de Emoções","Terra de Emoções
Nàna Páuvoli
4,8 de 5 estrelas
 576
eBook Kindle
R$ 1,99"
"El Diablo Santacroce: Do Sequestro Ao Coração do Mafioso","El Diablo Santacroce: Do Sequestro Ao Coração do Mafioso
Sara Fidélis
4,8 de 5 estrelas
 1.915
eBook Kindle
R$ 1,99"
"O Amor que Eu não Escolhi: A segunda chance do bilionário (Amores por Contrato Livro 4)","O Amor que Eu não Escolhi: A segunda chance do bilionário (Amores por Contrato Livro 4)
D. A. Lemoyne
4,8 de 5 estrelas
 1.839
eBook Kindle
R$ 1,99"
"Reforma Tributária: Aspectos Práticos da Nova Arquitetura da Tributação sobre o Consumo","Reforma Tributária: Aspectos Práticos da Nova Arquitetura da Tributação sobre o Consumo
Fellipe Matos Guerra
5,0 de 5 estrelas
 3
eBook Kindle
R$ 9,90"
"Meu Caso Perdido","Meu Caso Perdido
Izzy Psendziuk
4,8 de 5 estrelas
 1.953
eBook Kindle
R$ 1,99"
"Perfeita Colisão: Os Babacas do Hóquei","Perfeita Colisão: Os Babacas do Hóquei
Amanda Curtolo
4,7 de 5 estrelas
 1.510
eBook Kindle
R$ 1,99"
"Amor Proibido (Máfia Rinaldi Livro 3)","Amor Proibido (Máfia Rinaldi Livro 3)
Bia Carvalho
4,6 de 5 estrelas
 7
eBook Kindle
R$ 1,99"
"O acordo – Sucesso no TikTok (Amores Improváveis Livro 1)","O acordo – Sucesso no TikTok (Amores Improváveis Livro 1)
Elle Kennedy
4,8 de 5 estrelas
 18.342
eBook Kindle
R$ 29,90"
"DESEJO INDECENTE: Sob a Proteção do Assassino","DESEJO INDECENTE: Sob a Proteção do Assassino
Jessica Rocha
4,9 de 5 estrelas
 81
eBook Kindle
R$ 1,99"
"DOMINUS","DOMINUS
Thalissa Betineli
4,7 de 5 estrelas
 1.017
eBook Kindle
R$ 1,99"
"Marido Cruel: príncipes do deserto","Marido Cruel: príncipes do deserto
Mário Lucas
4,8 de 5 estrelas
 537
eBook Kindle
R$ 1,99"
"Fica Comigo?","Fica Comigo?
Bruna Pallazzo
4,9 de 5 estrelas
 7.167
eBook Kindle
R$ 1,99"
"O Herdeiro da Coroa","O Herdeiro da Coroa
Bianca Pohndorf
4,7 de 5 estrelas
 1.456
eBook Kindle
R$ 1,99"
"Herança de Ódio","Herança de Ódio
Jas Silva
4,7 de 5 estrelas
 1.669
eBook Kindle
R$ 1,99"
"Como Se (Des)Apaixonar Pelo Seu Ex-Marido","Como Se (Des)Apaixonar Pelo Seu Ex-Marido
Gabriela Bortolotto
4,7 de 5 estrelas
 1.533
eBook Kindle
R$ 1,99"
"Amor Fora do Contrato","Amor Fora do Contrato
Nathalia Santos
4,8 de 5 estrelas
 431
eBook Kindle
R$ 1,99"
"Meu Nerd Inocente: Série Lições Indecentes - Livro 1","Meu Nerd Inocente: Série Lições Indecentes - Livro 1
Natália Tilcailo
4,8 de 5 estrelas
 1.989
eBook Kindle
R$ 3,99"
"Contrato de Confidencialidade","Contrato de Confidencialidade
Ivy Matarazzo
4,7 de 5 estrelas
 2.165
eBook Kindle
R$ 3,99"
"Meu Nerd Proibido: Série Lições Indecentes - Livro 4","Meu Nerd Proibido: Série Lições Indecentes - Livro 4
Paula M Neves
4,8 de 5 estrelas
 417
eBook Kindle
R$ 2,99"
