"CONTRATO","PNCP_PROCESSO","EMPRESA","Processo do pagamento","É ATA?","POSSUI ADITIVO?","TIPO DE ADITIVO","VIGÊNCIA","VALOR DO CONTRATO","VALOR LIQUIDADO","SALDO"
" 1º TA - 001","05055033000152-1-000134/2025","J. G. SERVICOS DE SEGURANCA E MONITORAMENTO LTDA","18407/2025 – SEMEC","Não","Sim","Prazo/Outros","02/01/2026 a 01/01/2027","28717.44","0","28717.44"
" 1º TA - 002","05055033000152-1-000107/2025","COOPERATIVA AGROPECUARIA DE PRODUTORES DE BELEM DO PARA - COPABEL","12238/2025-SEMEC","Não","Sim","Prazo/Outros","08/09/2025 a 02/01/2026","782683.25","0","782683.25"
" 1º TA - 007","05055033000152-1-000081/2025","EVOLUCAO COMERCIO E DISTRIBUIDORA LTDA","10299/2025 - SEMEC","Não","Sim","Prazo/Outros","15/07/2025 a 12/02/2026","1565469","0","1565469"
" 1º TA - 085","05055033000152-1-000093/2025","WALDEMAR FELGUEIRAS VIANNA NETO","11397/2025 - SEMEC","Não","Sim","Valor","01/08/2025 a 31/07/2027","549072.96","0","549072.96"
" 1º TA - 093","05055033000152-1-000110/2025","E A DE JESUS CONSTRUCOES E SERVICOS LTDA","13301/2025 - SEMEC","Não","Sim","Valor","16/09/2025 a 19/11/2026","3755906.19","0","3755906.19"
" 1º TA - 108","05055033000152-1-000108/2025","LIETE DE OLIVEIRA CORREA","10789/2025 - SEMEC","Não","Sim","Prazo/Outros","11/09/2025 a 10/10/2025","7441.19","0","7441.19"
"00011","05055009000113-1-000013/2025",NULL,"123/2025","Sim","Não","-"," a ",NULL,"0",NULL
"001","05055009000113-1-000021/2025","VIDA COMERCIO DE BEBIDAS LTDA","4653/2025 ","Não","Não","-","06/02/2026 a 06/02/2027","36900","0","36900"
"001","05055009000628-1-000001/2025","BANCO DO BRASIL SA","740/2024-GMB","Não","Não","-","24/01/2025 a 24/01/2026","5500","0","5500"
"001","05055033000152-1-000007/2025","PAULO MIGUEL DE PINHO BRAGA","16947-2024-SEMEC","Não","Sim","Valor","03/01/2025 a 03/01/2027","266292.96","0","266292.96"
"001-A","05055009000113-1-000022/2025","RA CONFECCOES E UNIFORMES LTDA","339/2024","Sim","Não","-","20/02/2026 a 18/12/2026","42300","0","42300"
"0010","05055009000113-1-000005/2025","R S SOLUCOES COMERCIO E SERVICOS LTDA","1946/2025","Não","Sim","Valor","28/05/2025 a 28/08/2025","26749.66","0","26749.66"
"0011","05055009000113-1-000006/2025","ELITE TECH SUPRIMENTOS LTDA","2659/2025","Não","Não","-","14/08/2025 a 14/11/2025","30099","0","30099"
"0012","05055009000113-1-000019/2025","FRANCIANE FERREIRA DA SILVA DA PENHA LTDA","3239/2025","Não","Não","-","23/10/2025 a 23/04/2026","24679.2","0","24679.2"
"002","05055009000628-1-000002/2025","AK LASER LTDA","198/2025-GMB","Não","Não","-","26/03/2025 a 26/09/2025","18000","0","18000"
"002","05055033000152-1-000009/2025","MARIA DAS GRACAS FERREIRA BARBOSA DE CAMPOS","18052-2024-SEMEC","Não","Sim","Valor","03/01/2025 a 03/01/2027","118002.72","0","118002.72"
"003","05055009000628-1-000003/2025","J F ALVES COMERCIO ATACADISTA DE PRODUTOS AGRICOLAS","053/2025-GMB","Não","Sim","Valor","03/04/2025 a 29/08/2025","24593","0","24593"
"003","05055033000152-1-000007/2026","VERA ANA FARIAS ARRAIS","13.613/2025 – SEMEC","Não","Não","-","02/02/2026 a 01/02/2028","480000","0","480000"
"003","05055033000152-1-000023/2025","JOAO BARBALHO DE FREITAS NETO","17566-2024-SEMEC","Não","Não","-","03/01/2025 a 03/01/2027","113465.28","0","113465.28"
"003","05055033000152-1-000087/2025","ARTUR PINHEIRO CORREA","17029-2024-SEMEC","Não","Não","-","06/01/2025 a 05/01/2027","384000","0","384000"
"003","05055033000152-1-000114/2025","SECRETARIA MUNICIPAL DE DESENVOLVIMENTO ECONOMICO -SEDCON","3153/2025 – SEDCON","Não","Não","-","23/09/2025 a 31/12/2025","2700","0","2700"
"004","05055009000113-1-000003/2025","MAIS GAS INDUSTRIA DE GASES LTDA","920/2025","Não","Sim","Valor","07/05/2025 a 07/08/2025","2484","0","2484"
"004","05055033000152-1-000006/2026","KAPA CAPITAL FACILITIES LTDA","1509/2026 - SEMEC","Sim","Não","-","02/02/2026 a 02/02/2027","24951194.4","0","24951194.4"
"004","05055033000152-1-000015/2025","MARIA JOSE DE SOUZA CARVALHO","18062-2024-SEMEC","Não","Não","-","03/01/2025 a 03/07/2025","0","0","0"
"004","49159407000155-1-000001/2026","ATENA COMERCIO COMPRA E VENDA LTDA","508","Não","Não","-","26/02/2026 a 01/12/2026","4564.89","0","4564.89"
"005","05055033000152-1-000003/2026","BIGNARDI - INDUSTRIA E COMERCIO DE PAPEIS E ARTEFATOS LTDA.","19074/2025 - SEMEC","Não","Não","-","02/02/2026 a 01/02/2027","1279000","0","1279000"
"005","05055033000152-1-000006/2025","MARIA DE NAZARE DA ROSA PEREIRA","16959-2024","Não","Não","-","06/01/2025 a 06/01/2027","324803.52","0","324803.52"
"005","05055033000152-1-000018/2025","ALINE MORAIS PINTO BRANDAO","17968-2024-SEMEC","Não","Não","-","03/01/2025 a 03/01/2027","138679.2","0","138679.2"
"006","05055033000152-1-000004/2026","ALEA COMERCIAL LTDA","19074/2025 - SEMEC","Não","Não","-","02/02/2026 a 01/02/2027","3981907.02","0","3981907.02"
"006","05055033000152-1-000019/2025","MARIA DA CONCEICAO DOS SANTOS BORGES","17948-2024-SEMEC","Não","Não","-","03/01/2025 a 03/01/2027","176500.8","0","176500.8"
"006","05055033000152-1-000042/2025","MANFRED CHAGAS GRAIN","14737-2024-SEMEC","Não","Não","-","06/02/2025 a 05/02/2027","357777.36","0","357777.36"
"007","05055033000152-1-000008/2026","MARIA DO SOCORRO MEIRELES SILVA","17463/2025 - SEMEC","Não","Não","-","02/02/2026 a 01/02/2028","456000","0","456000"
"007","05055033000152-1-000032/2025","SOCIEDADE BENEFICENTE E COOPERATIVISTA CRISTO REDENTOR","17944-2024-SEMEC","Não","Não","-","06/01/2025 a 06/01/2027","114599.52","0","114599.52"
"008","05055033000152-1-000036/2025","BRASIL COMERCIO E DISTRIBUIDORA LTDA","3639-2025-SEMEC","Não","Não","-","28/03/2025 a 27/03/2026","2439860.46","0","2439860.46"
"008/2025","05065644000181-1-000001/2025","RA CONSULTORIA, RESPONSABILIDADE & SUSTENTABILIDADE SOCIAL LTDA","PROCESSO N 6383/2025-FUNPAPA","Não","Não","-","24/06/2025 a 24/11/2025","140000","0","140000"
"009","05055033000152-1-000010/2025","FRANCISCA CELIA GONCALVES DE MELLO","18004-2024-SEMEC","Não","Não","-","06/01/2025 a 06/01/2027","90771.84","0","90771.84"
"009","05055033000152-1-000037/2025","DAFMC  SOLUCOES, COMERCIO E SERVICOS LTDA","3634-2025-SEMEC","Não","Não","-","01/04/2025 a 30/03/2026","100000000","0","100000000"
"009","49159407000155-1-000002/2026","CADENZZA LTDA","232/2024","Não","Não","-","05/03/2026 a 30/06/2026","3929","0","3929"
"01","59870569000150-1-000001/2025","F M SERVICO E COMERCIO LTDA","159/2025","Não","Não","-","18/07/2025 a 18/08/2025","15000","0","15000"
"01","59870569000150-1-000001/2026","CINTIA SILVA DA COSTA","387/2025-SEMU","Não","Não","-","03/02/2026 a 03/02/2027","6000","0","6000"
"010","05055033000152-1-000026/2025","PAVIANI & RIBEIRO LTDA","17562-2024-SEMEC","Não","Não","-","06/01/2025 a 06/01/2027","448014","0","448014"
"010","05055033000152-1-000035/2025","EBN COMERCIO, IMPORTACAO E EXPORTACAO LTDA","3471-2025-SEMEC","Não","Não","-","28/03/2025 a 27/03/2026","5196494.24","0","5196494.24"
"011","05055033000152-1-000039/2025","W. O.DO NASCIMENTO LTDA","3206-2025-SEMEC","Não","Não","-","01/04/2025 a 30/03/2026","967440","0","967440"
"012","05055033000152-1-000038/2025","ELOS ORIENTACAO E PLANEJAMENTO EDUCACIONAL LTDA","3636-2025-SEMEC","Não","Não","-","02/04/2025 a 01/04/2026","1417225.31","0","1417225.31"
"013","05055009000113-1-000016/2025","LOCDESK LOCACAO DE EQUIPAMENTOS E SOLUCOES EM INFORMATICA LTDA","638/2025","Sim","Não","-","22/12/2025 a 22/12/2026","277397.16","0","277397.16"
"013","05055033000152-1-000008/2025","ZILMA MARGARETH DA SILVA SOUSA","17947-2024-SEMEC","Não","Não","-","06/01/2025 a 06/01/2027","284593.44","0","284593.44"
"013","05055033000152-1-000043/2025","MILANFLEX INDUSTRIA E COMERCIO DE MOVEIS E EQUIPAMENTOS LTDA","2425-2025-SEMEC","Não","Não","-","15/04/2025 a 14/04/2026","757953.44","0","757953.44"
"014","05055033000152-1-000041/2025","FRANCISCO PEDROZA DE CARVALHO","17954-2024-SEMEC","Não","Não","-","06/01/2025 a 06/01/2027","0","0","0"
"014","05055033000152-1-000049/2025","VIDA COMERCIO DE BEBIDAS LTDA","7590-2025-SEMEC","Não","Não","-","12/05/2025 a 11/05/2026","61398.04","0","61398.04"
"014","49159407000155-1-000001/2025","VIANA LOCADORA DE VEICULOS LTDA","1051/2025-GMB","Sim","Não","-","20/10/2025 a 20/10/2026","1165000","0","1165000"
"015","05055009000628-1-000008/2025","WPP - COMERCIO DE MOTOS LTDA.","1477/2025-GMB","Não","Não","-","31/10/2025 a 31/10/2026","28602.6","0","28602.6"
"015","05055033000152-1-000024/2025","CASA DA AMIZADE DE BELEM","17945-2024-SEMEC","Não","Não","-","06/01/2025 a 06/01/2027","380699.76","0","380699.76"
"015","05055033000152-1-000050/2025","LUCIANE AMANAJAS DE FIGUEIREDO","6409-2025-SEMEC","Não","Não","-","13/05/2025 a 30/04/2027","312000","0","312000"
"015/2025","05065644000181-1-000005/2025","INSTITUTO BEBE NAIFF - IBN","6647/2025","Não","Não","-","15/10/2025 a 15/10/2026","806742","0","806742"
"016","05055033000152-1-000022/2025","MARIA TEREZA SOUTO DA SILVA","17878-2024-SEMEC","Não","Não","-","06/01/2025 a 06/01/2027","1386792","0","1386792"
"016","05055033000152-1-000085/2025","REDE ABA SUPERMERCADOS LTDA","3572-2025-SEMEC","Sim","Não","-","15/05/2025 a 14/05/2026","8727356","0","8727356"
"017","05055033000152-1-000012/2025","ANITA KARINE OLIVEIRA CEI","17969-2024-SEMEC","Não","Sim","Valor","06/01/2025 a 06/01/2027","151286.4","0","151286.4"
"018","05055033000152-1-000056/2025","SYNERGO NEGOCIOS LTDA","3958-2024-SEMEC","Não","Não","-","02/06/2025 a 01/06/2027","195130","0","195130"
"018","49159407000155-1-000002/2025","AGUAS DO PARA A SPE S.A.","1501/2025-GMB","Não","Não","-","13/11/2025 a 13/11/2026","44000","0","44000"
"018/2025","05065644000181-1-000004/2025","ADENIR DOS SANTOS COSTA FILHO","8718/2025","Não","Não","-","22/10/2025 a 21/10/2026","84000","0","84000"
"019","05055033000152-1-000030/2025","RAIMUNDO ALESSANDRO FURTADO GONCALVES","17943-2024-SEMEC","Não","Não","-","06/01/2025 a 06/01/2027","88250.4","0","88250.4"
"019","05055033000152-1-000057/2025","BZ COMERCIO E SERVICOS LTDA","3958-2024-SEMEC","Não","Não","-","02/06/2025 a 01/06/2026","137950","0","137950"
"02","05055009000113-1-000014/2025","KAPA CAPITAL FACILITIES LTDA","125/2025","Sim","Não","-","04/02/2026 a 04/02/2027","60123.36","0","60123.36"
"02","05055033000152-1-000001/2025","JOSIANE DE OLIVEIRA DE MENEZES","18017/2024","Não","Não","-","07/01/2025 a 07/01/2027","176640","0","176640"
"020","05055033000152-1-000025/2025","MARIA NAZARE DE OLIVEIRA","17946-2024-SEMEC","Não","Não","-","06/01/2025 a 06/01/2027","579931.2","0","579931.2"
"020","05055033000152-1-000058/2025","M FELIPE GALVAO LTDA","3958-2024-SEMEC","Não","Não","-","02/06/2025 a 01/06/2026","729700","0","729700"
"020","49159407000155-1-000003/2025","VENTISOL DA AMAZONIA INDUSTRIA DE APARELHOS ELETRICOS LTDA","1514/2025-GMB","Não","Não","-","05/12/2025 a 10/04/2026","41075.16","0","41075.16"
"021","05055033000152-1-000020/2025","FRANCISCO PEDROZA DE CARVALHO","17960-2024-SEMEC","Não","Não","-","06/01/2025 a 06/01/2027","128439.6","0","128439.6"
"021","05055033000152-1-000059/2025","B. D. R. COMERCIO DE EQUIPAMENTOS LTDA","3958-2024-SEMEC","Não","Não","-","02/06/2025 a 01/06/2026","16500","0","16500"
"022","05055033000152-1-000017/2025","C E A ASSIS LTDA","2909-2025-SEMEC","Não","Não","-","18/03/2025 a 17/03/2026","75600","0","75600"
"022","05055033000152-1-000034/2025","LUCIDALVA CHAGAS DE ANDRADE","17971","Não","Não","-","06/01/2025 a 06/01/2027","240528.72","0","240528.72"
"022","05055033000152-1-000060/2025","DAVANTI MAQUINAS, MOVEIS E EQUIPAMENTOS INDUSTRIAIS LTDA","3958-2024-SEMEC","Não","Não","-","02/06/2025 a 01/06/2026","82539.2","0","82539.2"
"023","05055033000152-1-000021/2025","DANIELA PAIXAO FAGUNDES","17952-2024-SEMEC","Não","Não","-","09/01/2025 a 09/01/2027","153807.84","0","153807.84"
"023","05055033000152-1-000061/2025","SILVA DISTRIBUIDORA E FERRAGISTA LTDA","3958-2024-SEMEC","Não","Não","-","02/06/2025 a 01/06/2026","18850","0","18850"
"024","05055033000152-1-000011/2025","PAULO ALEXANDRE ANDRADE DE OLIVEIRA","18065-2024-SEMEC","Não","Não","-","09/01/2025 a 09/01/2027","0","0","0"
"024","05055033000152-1-000062/2025","ITALIA EMPREENDIMENTOS LTDA","3958-2024-SEMEC","Não","Não","-","02/06/2025 a 01/06/2026","25080","0","25080"
"025","05055033000152-1-000027/2025","FRANCIANGELO DE SOUSA BRAGA","18003-2024-SEMEC","Não","Não","-","13/01/2025 a 13/01/2027","345401.76","0","345401.76"
"025","05055033000152-1-000028/2024","DISTRIBUIDORA PROGRESSO COMERCIO DE ALIMENTOS EM GERAL LTDA","1625-2024-SEMEC","Não","Sim","Valor","27/03/2024 a 26/03/2025","151315.4","0","151315.4"
"025","05055033000152-1-000063/2025","INOVA ODONTO MEDICA LTDA","3958-2024-SEMEC","Não","Não","-","02/06/2025 a 01/06/2026","3780","0","3780"
"026","05055033000152-1-000003/2025","RONEY BENEDITO XAVIER GUIMARAES","17528/2024 - SEMEC","Não","Não","-","13/01/2025 a 13/01/2027","455576.64","0","455576.64"
"026","05055033000152-1-000064/2025","IBBA INDUSTRIA E COMERCIO DE BEBEDOURO LTDA","3958-2024-SEMEC","Não","Não","-","02/06/2025 a 01/06/2026","310100","0","310100"
"027","05055033000152-1-000065/2025","SUL AGUA EQUIPAMENTOS LTDA","3958-2024-SEMEC","Não","Não","-","02/06/2025 a 01/06/2026","88529.21","0","88529.21"
"028","05055033000152-1-000069/2025","INFINITI EMPREENDIMENTOS LTDA","8281-2025-SEMEC","Não","Não","-","05/06/2025 a 04/06/2026","1045","0","1045"
"029","05055033000152-1-000070/2025","LUMA COMERCIO E SERVICOS LTDA","8281-2025-SEMEC","Não","Não","-","05/06/2025 a 04/06/2026","11050","0","11050"
"03","09551008000110-1-000001/2025","T DE S M MATOS LTDA","209/2025","Não","Não","-","15/09/2025 a 14/10/2025","15500","0","15500"
"030","05055033000152-1-000033/2025","ANGELICA DE CINTRA SANTOS ALENCAR VASCONCELOS","18057-2024-SEMEC","Não","Não","-","03/02/2025 a 03/02/2027","139088.4","0","139088.4"
"030","05055033000152-1-000071/2025","STAR COMERCIO DE ALIMENTOS LTDA","8281-2025-SEMEC","Não","Não","-","05/06/2025 a 04/06/2026","15225","0","15225"
"031","05055033000152-1-000072/2025","TITANS COMERCIAL E CONTRUCOES LTDA","8281-2025-SEMEC","Não","Não","-","05/06/2025 a 04/06/2026","527","0","527"
"032","05055033000152-1-000073/2025","POLY COMERCIO E SERVICOS LTDA","8281-2025-SEMEC","Não","Não","-","05/06/2025 a 04/06/2026","301","0","301"
"033","05055009000628-1-000002/2024","EQUATORIAL PARA DISTRIBUIDORA DE ENERGIA S.A.","596/2024-GMB","Não","Não","-","01/01/2025 a 01/01/2035","550000","0","550000"
"033","05055033000152-1-000074/2025","DISTRIBUIDORA MESQUITA LTDA","8281-2025-SEMEC","Não","Não","-","05/06/2025 a 04/06/2026","124","0","124"
"034","05055009000628-1-000001/2024","COMPANHIA DE SANEAMENTO DO PARA","597/2024-GMB","Não","Sim","Valor","01/01/2025 a 01/01/2035","44000","0","44000"
"034","05055033000152-1-000068/2025","TECH MINAS DIGITAL LTDA","307-2025-SEMEC","Não","Não","-","10/06/2025 a 09/06/2027","7000","0","7000"
"035","05055033000152-1-000075/2025","REPREMIG REPRESENTACAO E COMERCIO DE MINAS GERAIS LTDA","9659-2025-SEMEC","Não","Não","-","17/06/2025 a 16/06/2026","29571.1","0","29571.1"
"036","05055033000152-1-000089/2025","MAQMOVEIS INDUSTRIA E COMERCIO DE MOVEIS LTDA.","7240-2025-SEMEC","Não","Não","-","30/06/2025 a 02/03/2026","2042500","0","2042500"
"037","05055033000152-1-000014/2025","ANA PAULA RODRIGUES PANTOJA DA CRUZ","2728-2025-SEMEC","Não","Não","-","18/03/2025 a 17/03/2026","0","0","0"
"037","05055033000152-1-000090/2025","JORIVALDO VALE FREITAS","5079-2025-SEMEC","Não","Não","-","01/07/2025 a 30/06/2027","228000","0","228000"
"038","05055033000152-1-000091/2025","CONSORCIO AMBAR","8826-2025-SEMEC","Sim","Não","-","01/08/2025 a 31/07/2026","83835182.5","0","83835182.5"
"039","05055033000152-1-000084/2025","CGM MANUTENCAO ELETRICA LTDA.","10769-2025-SEMEC","Sim","Não","-","17/07/2025 a 16/07/2026","41354473.14","0","41354473.14"
"04","05055033000152-1-000004/2025","SIMONE MIRANDA PRADO","16956-2024","Não","Não","-","03/01/2025 a 03/01/2027","556396.56","0","556396.56"
"04","05055033000152-1-000044/2025","LUCIA DE FATIMA DO NASCIMENTO","3958-2025-SEMEC","Não","Não","-","16/04/2025 a 30/09/2025","4688290.89","0","4688290.89"
"040","05055033000152-1-000086/2025","SOUZA WEISS EQUIPAMENTOS ELETRICOS LTDA","11058-2025-SEMEC","Sim","Não","-","25/07/2025 a 24/07/2026","4818550","0","4818550"
"041","05055033000152-1-000092/2025","FABIO LIMA DA SILVA","3149-2025-SEMEC","Não","Não","-","01/08/2025 a 31/07/2027","288000","0","288000"
"044","05055033000152-1-000028/2025","EQUATORIAL PARA DISTRIBUIDORA DE ENERGIA S.A.","1763-2025-SEMEC","Não","Não","-","05/03/2025 a 04/03/2026","8925000","0","8925000"
"044","05055033000152-1-000113/2025","FUNDACAO CENTRO DE POLITICAS PUBLICAS E AVALIACAO DA EDUCACAO - FUNDACAO CAED"," 12379/2025 – SEMEC","Não","Não","-","22/09/2025 a 21/09/2026","339890","0","339890"
"046","05055033000152-1-000027/2024","COMPANHIA DE SANEAMENTO DO PARA","1124-2024-SEMEC","Não","Não","-","25/11/2024 a 02/03/2025","679500","0","679500"
"046","05055033000152-1-000040/2025","COMPANHIA DE SANEAMENTO DO PARA","1613-2025-SEMEC","Não","Sim","Valor","05/03/2025 a 04/03/2026","3397500","0","3397500"
"047","05055033000152-1-000115/2025","JEYTECH INDUSTRIA TECNOLOGIA E INOVACAO LTDA","12234/2025 – SEMEC","Sim","Não","-","23/09/2025 a 22/09/2026","1355760","0","1355760"
"050","05055033000152-1-000031/2025","AUCEVAS ADMINISTRACAO DE IMOVEIS LTDA","4542-2025-SEMEC","Não","Não","-","01/04/2025 a 30/10/2025","90000","0","90000"
"054","05055033000152-1-000116/2025","MAPDATA-TECNOLOGIA,INFORMATICA E COMERCIO LTDA","13.319/2025 – SEMEC","Sim","Não","-","23/09/2025 a 31/12/2025","723803.2","0","723803.2"
"06","05055033000152-1-000122/2025","MANFRED CHAGAS GRAIN","14.174/2024 - SEMEC","Não","Sim","Valor","06/02/2025 a 29/10/2025","357777.36","0","357777.36"
"07","59870569000150-1-000004/2025","SUPER LICITE LICITACOES LTDA","380/2025-SEMU","Não","Não","-","09/12/2025 a 09/01/2026","11038.3","0","11038.3"
"09/2025","05065644000181-1-000007/2025","ASSOCIACAO LUZ DA FRATERNIDADE","2966/2025","Não","Não","-","02/07/2025 a 02/05/2026","62000","0","62000"
"1 TA - CONT 003","05055033000152-1-000118/2025","COOPERATIVA DOS AGRICULTORES FAMILIARES DE BELEM COOP BELEM","12239/2025 – SEMEC","Não","Sim","Prazo/Outros","09/09/2025 a 31/12/2025","454110","0","454110"
"1 TA - CONT 004","05055033000152-1-000119/2025","COOPERATIVA AGROPECUARIA DO SALGADO PARAENSE - CASP","12243/2025 – SEMEC","Não","Sim","Prazo/Outros","08/09/2025 a 01/01/2026","33455","0","33455"
"1 TA - CONT 036","05055033000152-1-000131/2025","MAQMOVEIS INDUSTRIA E COMERCIO DE MOVEIS LTDA.","18.711/2025","Não","Sim","Prazo/Outros","23/12/2025 a 03/02/2026","510625","0","510625"
"1 TA - CONT. 085","05055033000152-1-000120/2025","COMPANHIA DE TRANSFORMACAO DIGITAL DO MUNICIPIO DE BELEM - BELEM DIGITAL","13.846/2025 – SEMEC","Não","Sim","Prazo/Outros","25/10/2025 a 24/10/2026","315240","0","315240"
"10/2025","05065644000181-1-000008/2025","PROSPERA SERVICE LTDA","6159/2025","Não","Não","-","07/07/2025 a 06/01/2026","4255680","0","4255680"
"11","05055033000152-1-000013/2025","FRANCISCO ALTAMIR DAS CHAGAS MOREIRA DE FREITAS","17973-2024-SEMEC","Não","Não","-","06/01/2025 a 06/01/2025","63036","0","63036"
"110","05055033000152-1-000029/2025","BELEM RIO SEGURANCA LTDA","2158-2025-SEMEC","Não","Não","-","31/03/2025 a 30/09/2025","1759367.28","0","1759367.28"
"11º ATA","05055033000152-1-000099/2025","LC COMERCIAL LTDA","8858/2023 - SEMEC","Sim","Sim","Prazo/Outros","12/08/2025 a 12/08/2026","0","0","0"
"12/2025","05065644000181-1-000002/2025","EDILSON AURELIO DE MOURA PALHA","4101/2025","Não","Não","-","03/10/2025 a 02/10/2026","87600","0","87600"
"1281","05055033000152-1-000078/2025","52.950.079 DANIELE DINIZ LOPES","13151/2024 - SEMEC","Não","Não","-","11/06/2025 a 30/12/2025","5454.4","0","5454.4"
"12º ATA","05055033000152-1-000100/2025","BRUMO ESPORTES LTDA","8858/2023 - SEMEC","Sim","Sim","Prazo/Outros","12/08/2025 a 12/08/2026","103462.8","0","103462.8"
"13","05055009000628-1-000005/2025","WPP - COMERCIO DE MOTOS LTDA.","1094/2025-GMB","Não","Sim","Valor","05/09/2025 a 05/09/2026","19258.59","0","19258.59"
"13º ATA","05055033000152-1-000102/2025","SR REPRESENTACOES E COMERCIO DE MATERIAIS ESPORTIVOS LTDA","8858/2023 - SEMEC","Sim","Sim","Prazo/Outros","12/08/2025 a 12/08/2026","390912","0","390912"
"14/2025","05065644000181-1-000003/2025","RA CONSULTORIA, RESPONSABILIDADE & SUSTENTABILIDADE SOCIAL LTDA","7286/2025","Não","Não","-","26/09/2025 a 25/09/2026","372000","0","372000"
"14º ATA","05055033000152-1-000103/2025","2S COMERCIO E SERVICOS LTDA","8858/2023 - SEMEC","Sim","Sim","Prazo/Outros","12/08/2025 a 12/08/2026","10916.5","0","10916.5"
"16/2025","05065644000181-1-000006/2025","OSVALDO RODRIGUES BRAZ","3931/2025","Não","Não","-","24/10/2025 a 24/10/2026","200000","0","200000"
"188","05055033000152-1-000002/2025","UNIAO NACIONAL DOS DIRIGENTES MUNICIPAIS DE EDUCACAO","873/2025","Não","Não","-","30/01/2025 a 31/12/2025","10518","0","10518"
"194","09551008000110-1-000002/2025","MVM ENGENHARIA LTDA","233/2025","Não","Não","-","22/09/2025 a 21/10/2025","22383.38","0","22383.38"
"1º TA- 069","05055033000152-1-000067/2025","ASSOCIACAO DAS SENHORAS DOS ROTARIANOS DO R C ICOARACY","9388-2025-SEMEC","Não","Sim","Valor","06/06/2025 a 05/06/2027","298328.64","0","298328.64"
"1º TA-049","05055033000152-1-000047/2025","NP TECNOLOGIA E GESTAO DE DADOS LTDA","7061-2025-SEMEC","Não","Sim","Prazo/Outros","01/05/2025 a 30/04/2026","23920","0","23920"
"1º TA - 007","05055033000152-1-000098/2025","COOPERATIVA AGROINDUSTRIAL FRUTOS DA AMAZONIA - COAFRA","12.247/2025 - SEMEC","Não","Sim","Prazo/Outros","01/09/2025 a 02/01/2026","0","0","0"
"1º TA - 008","05055033000152-1-000080/2025","BRASIL COMERCIO E DISTRIBUIDORA LTDA","10885/2025-SEMEC","Não","Sim","Valor","11/07/2025 a 27/03/2026","609930.69","0","609930.69"
"1º TA - 010","05055033000152-1-000088/2025","EBN COMERCIO, IMPORTACAO E EXPORTACAO LTDA","11369-2025-SEMEC","Não","Sim","Prazo/Outros","30/07/2025 a 27/03/2026","1299123.56","0","1299123.56"
"1º TA - 023","05055033000152-1-000016/2025","S.O.S. SERVICOS OPERACIONAIS DE SANEAMENTO LTDA","4021-2025-SEMEC","Não","Sim","Valor","24/03/2025 a 23/03/2026","700000","0","700000"
"1º TA - 068","05055033000152-1-000054/2025","ARTUR CARLOS DE OLIVEIRA SILVA JUNIOR","9163-2025-SEMEC","Não","Sim","Prazo/Outros","22/05/2025 a 22/05/2027","141832.08","0","141832.08"
"1º TA - 082","05055033000152-1-000095/2025","AUCEVAS ADMINISTRACAO DE IMOVEIS LTDA","12.444/2025 - SEMEC","Não","Sim","Prazo/Outros","21/08/2025 a 22/08/2026","180000","0","180000"
"1º TA 005","05055033000152-1-000105/2025","MURININ?TAIASSUI - COOPERATIVA AGROINDUSTRIAL FAMILIAR DE BENEVIDES E REGIAO","12245/2025","Não","Sim","Prazo/Outros","08/09/2025 a 01/01/2026","68490","0","68490"
"2025- 170401","59815458000141-1-000002/2025","TEVX MOTORS GROUP LTDA","1960/2025 ","Sim","Não","-","23/04/2025 a 22/10/2025","44150","0","44150"
"2025- 290401","59815458000141-1-000003/2025","LM TRANSPORTE E NAVEGACAO LTDA","4878/2025 ","Não","Não","-","30/04/2025 a 29/04/2026","2204496","0","2204496"
"2025-040801","59815458000141-1-000005/2025","RADIO POINT SERVICOS DE TELECOMUNICACOES LTDA","803/2025 ","Não","Não","-","05/08/2025 a 04/08/2026","50752.32","0","50752.32"
"2025-070401","59815458000141-1-000001/2025","AUTO LANCE PATIO E LEILOES LTDA","4108/2025","Não","Não","-","07/04/2025 a 08/04/2025","4876118.79","0","4876118.79"
"2025/011101","59815458000141-1-000008/2025","PONTES COMERCIO VAREJISTA DE AUTO PECAS,SERVICOS,MANUTENCAO E LOGISTICA LTDA","1539/2025 ","Sim","Não","-","01/11/2025 a 01/11/2027","10431240","0","10431240"
"2025/031201","59815458000141-1-000011/2025","FALCAO ENGENHARIA LTDA","7582/2025 ","Não","Não","-","03/12/2025 a 03/12/2026","1049500","0","1049500"
"2025/091001","59815458000141-1-000007/2025","SAO FELIX SERVICOS LTDA","3745/2025-SEGBEL","Não","Não","-","09/10/2025 a 09/10/2026","45600","0","45600"
"2025/111101","59815458000141-1-000009/2025","MAURICIO F PAES","5060/2025 ","Não","Não","-","11/11/2025 a 11/03/2026","16608.5","0","16608.5"
"2025/120801","59815458000141-1-000004/2025","FZ PREVENCAO COMERCIO, IMPORTACAO E EXPORTACAO DE ARTIGOS DE SEGURANCA LTDA","6228/2025","Sim","Não","-","12/08/2025 a 11/08/2026","175000","0","175000"
"2025/121101","05055009000113-1-000015/2025","NAUTICA LOG TRANSPORTE COMERCIO E LOGISTICA LTDA","13/2025","Não","Não","-","11/11/2025 a 11/11/2026","1","0","1"
"2025/171101","59815458000141-1-000010/2025","G. C. N. CONSTRUTORA LTDA","5498/2025 ","Não","Não","-","17/11/2025 a 17/03/2026","183670.91","0","183670.91"
"2025/230901","59815458000141-1-000006/2025","VILLANNA DISTRIBUIDORA LTDA","4313/2025-SEGBEL","Não","Sim","Valor","23/09/2025 a 23/09/2026","865799.64","0","865799.64"
"2026/050101","59815458000141-1-000001/2026","ITEX LOCACOES E INVESTIMENTOS IMOBILIARIOS LTDA","4472/2025 ","Não","Não","-","05/01/2026 a 05/01/2031","6459510","0","6459510"
"228","05055009000628-1-000004/2025","MIZAEL FREITAS GONCALVES","713/2025-GMB","Não","Não","-","08/08/2025 a 08/08/2025","35070","0","35070"
"23/2025","05065644000181-1-000009/2025","NEO BRS COMERCIO DE ELETRODOMESTICOS LTDA","10031/2025","Não","Não","-","04/11/2025 a 04/11/2026","62500","0","62500"
"24/2025","05065644000181-1-000010/2025","ATIVA COMERCIO DE MATERIAL DE EXPEDIENTE LTDA","10658/2025","Não","Não","-","04/11/2025 a 04/11/2026","62000","0","62000"
"2º TA - 011","05055033000152-1-000002/2026","FRANCISCO ALTAMIR DAS CHAGAS MOREIRA DE FREITAS","17741/2025 - SEMEC","Não","Sim","Prazo/Outros","07/01/2026 a 06/01/2027","63036","0","63036"
"2º TA - 079","05055033000152-1-000094/2025","DANIELSON RIBEIRO CARDOSO","10781/2025 - SEMEC","Não","Sim","Prazo/Outros","01/08/2025 a 31/07/2027","186206.4","0","186206.4"
"2º TA - 093","05055033000152-1-000101/2025","BIO CONTROL AMBIENTAL SERVICOS LTDA","10884/2025 – SEMEC","Não","Sim","Prazo/Outros","26/08/2025 a 25/08/2026","391470.44","0","391470.44"
"2º TA - 106","05055033000152-1-000066/2025","W. M. VILHENA PINTO & CIA LTDA","9506-2025-SEMEC","Não","Sim","Prazo/Outros","03/06/2025 a 02/12/2025","3149960.87","0","3149960.87"
"2º TA - 15","05055033000152-1-000055/2025","VIDA COMERCIO DE BEBIDAS LTDA","4536-2025-SEMEC","Não","Sim","Prazo/Outros","19/05/2025 a 30/06/2025","30996.23","0","30996.23"
"2º TA - CONT 025","05055033000152-1-000045/2025","DISTRIBUIDORA PROGRESSO COMERCIO DE ALIMENTOS EM GERAL LTDA","1949-2025-SEMEC","Não","Sim","Valor","28/04/2025 a 26/09/2025","768.88","0","768.88"
"2º TA 069","05055033000152-1-000106/2025","ASSOCIACAO DAS SENHORAS DOS ROTARIANOS DO R C ICOARACY","9388/2025 - SEMEC","Não","Sim","Prazo/Outros","11/09/2025 a 05/06/2027","273651.84","0","273651.84"
"31º  ATA","05055033000152-1-000123/2025","X MOLD LTDA","6235/2025 - SEMEC","Sim","Sim","Valor","27/11/2025 a 27/11/2026","61094700","0","61094700"
"32º ATA","05055033000152-1-000125/2025","SOLIDA NUTRICAO LTDA","12759/2025 - SEMEC","Sim","Sim","Prazo/Outros","11/12/2025 a 11/12/2026","65899440","0","65899440"
"33º ATA","05055033000152-1-000126/2025","RC NUTRY ALIMENTACAO LTDA","12759/2025 - SEMEC","Sim","Sim","Prazo/Outros","11/12/2025 a 11/12/2026","44400000","0","44400000"
"37","05055033000152-1-000076/2025","JORIVALDO VALE FREITAS","5079-2025-SEMEC","Não","Não","-","02/07/2025 a 01/07/2027","228000","0","228000"
"3º TA - 24","05055033000152-1-000053/2025","DIAMOND SERVICOS DE LIMPEZA E MAO DE OBRA LTDA","5369-2025-SEMEC","Não","Sim","Prazo/Outros","13/05/2025 a 26/09/2025","44170.2","0","44170.2"
"3º TA - 43","05055033000152-1-000051/2025","GIBSON & REGIO LTDA","5144-2025-SEMEC","Não","Sim","Prazo/Outros","20/05/2025 a 12/07/2025","253459.92","0","253459.92"
"3º TA - 78","05055033000152-1-000082/2025","NORTE TURISMO LTDA","10586-2025-SEMEC","Não","Sim","Prazo/Outros","08/07/2025 a 07/07/2026","308912.5","0","308912.5"
"3º TA 050","05055033000152-1-000117/2025","AUCEVAS ADMINISTRACAO DE IMOVEIS LTDA","13926/2025 – SEMEC","Não","Sim","Prazo/Outros","01/10/2025 a 30/09/2026","186000","0","186000"
"42","05055033000152-1-000097/2025","PARN DISTRIBUIDORA E ARMAZENAGEM LTDA","10863/2025 - SEMEC","Sim","Sim","Valor","27/08/2025 a 27/08/2026","4280280","0","4280280"
"43","05055033000152-1-000096/2025","AQUARELA GRAFICA LTDA","11331/2025 - SEMEC","Sim","Não","-","26/08/2025 a 26/08/2026","3081142","0","3081142"
"45","05055033000152-1-000104/2025","ELAINE CRISTINA ALVES BARREIROS","9119/2025 - SEMEC","Não","Não","-","10/09/2025 a 09/09/2027","141600","0","141600"
"46","05055033000152-1-000111/2025","ALFATECH DISTRIBUICAO LTDA","11983/2025 - SEMEC","Sim","Não","-","18/09/2025 a 18/09/2026","35362000","0","35362000"
"4º TA - 043","05055033000152-1-000083/2025","GIBSON & REGIO LTDA","9911/2025 – SEMEC.","Não","Sim","Valor","14/07/2025 a 13/07/2026","253459.92","0","253459.92"
"53","05055033000152-1-000001/2026","C S L EMPREENDIMENTOS LTDA","11.942/2025 – SEMEC","Não","Não","-","23/09/2025 a 22/09/2027","300053.04","0","300053.04"
"59","05055033000152-1-000121/2025","EDSON MAGNO FARIAS DO NASCIMENTO","15186/2025 - SEMEC","Não","Não","-","03/11/2025 a 02/11/2027","209906.16","0","209906.16"
"5º TA - 03","05055033000152-1-000052/2025","COOPERATIVA DOS PRODUTORES AGROEXTRATIVISTAS E DOS BARQUEIROS DO PARA","3948-2025-SEMEC","Não","Sim","Prazo/Outros","13/05/2025 a 20/09/2025","1535961.42","0","1535961.42"
"63","05055033000152-1-000124/2025","POSITIVO TECNOLOGIA S.A.","17627/2025 - SEMEC","Não","Não","-","15/12/2025 a 16/06/2026","42340","0","42340"
"64","05055033000152-1-000128/2025","SOLIDA NUTRICAO LTDA","12759/2025 - SEMEC","Sim","Não","-","15/12/2025 a 16/12/2026","65899440","0","65899440"
"65","05055033000152-1-000127/2025","RC NUTRY ALIMENTACAO LTDA","12759/2025 - SEMEC","Sim","Sim","Valor","16/12/2025 a 17/12/2026","44400000","0","44400000"
"66","05055033000152-1-000129/2025","MAQMOVEIS INDUSTRIA E COMERCIO DE MOVEIS LTDA.","17742/2025 - SEMEC","Sim","Não","-","17/12/2025 a 17/12/2026","39903145","0","39903145"
"67","05055033000152-1-000130/2025","X MOLD LTDA","6235/2025 - SEMEC","Não","Sim","Valor","19/12/2025 a 18/12/2026","61094700","0","61094700"
"68","05055033000152-1-000132/2025","VALE COMERCIO DE PRODUTOS PARA EDUCACAO LTDA","17311/2025 - SEMEC","Sim","Não","-","30/12/2025 a 30/12/2026","8459521.58","0","8459521.58"
"69","05055033000152-1-000133/2025","RICKMANN CONFECCOES LTDA","18901/2025 - SEMEC","Sim","Não","-","30/12/2025 a 30/12/2026","19698430.4","0","19698430.4"
"6º TA 003","05055033000152-1-000112/2025","COOPERATIVA DOS PRODUTORES AGROEXTRATIVISTAS E DOS BARQUEIROS DO PARA","12328/2025 - SEMEC","Não","Sim","Prazo/Outros","20/09/2025 a 18/09/2026","1535961.42","0","1535961.42"
"9912368655","59815458000141-1-000012/2025","EMPRESA BRASILEIRA DE CORREIOS E TELEGRAFOS","7869/2025","Não","Não","-","29/12/2025 a 29/12/2026","3216000","0","3216000"
